# Copyright Materialize, Inc. and contributors. All rights reserved.
#
# Use of this software is governed by the Business Source License
# included in the LICENSE file at the root of this repository.
#
# As of the Change Date specified in that file, in accordance with
# the Business Source License, use of this software will be governed
# by the Apache License, Version 2.0.

query T
select '[0,100)'::int4range::text;
----
[0,100)

query T
select pg_typeof('[0,100)'::int4range);
----
int4range

query T
select 'empty'::int4range::text;
----
empty

query T
select pg_typeof('empty'::int4range);
----
int4range

query T
SELECT '(,)'::int4range::text;
----
(,)

query T
SELECT '(,-1)'::int4range::text;
----
(,-1)

query T
SELECT '(,0)'::int4range::text;
----
(,0)

query T
SELECT '(,1)'::int4range::text;
----
(,1)

query T
SELECT '(,]'::int4range::text;
----
(,)

query T
SELECT '(,-1]'::int4range::text;
----
(,0)

query T
SELECT '(,0]'::int4range::text;
----
(,1)

query T
SELECT '(,1]'::int4range::text;
----
(,2)

query T
SELECT '(-1,)'::int4range::text;
----
[0,)

query T
SELECT '(-1,-1)'::int4range::text;
----
empty

query T
SELECT '(-1,0)'::int4range::text;
----
empty

query T
SELECT '(-1,1)'::int4range::text;
----
[0,1)

query T
SELECT '(-1,]'::int4range::text;
----
[0,)

query T
SELECT '(-1,-1]'::int4range::text;
----
empty

query T
SELECT '(-1,0]'::int4range::text;
----
[0,1)

query T
SELECT '(-1,1]'::int4range::text;
----
[0,2)

query T
SELECT '(0,)'::int4range::text;
----
[1,)

query error range lower bound must be less than or equal to range upper bound
SELECT '(0,-1)'::int4range::text;

query T
SELECT '(0,0)'::int4range::text;
----
empty

query T
SELECT '(0,1)'::int4range::text;
----
empty

query T
SELECT '(0,]'::int4range::text;
----
[1,)

query error range lower bound must be less than or equal to range upper bound
SELECT '(0,-1]'::int4range::text;

query T
SELECT '(0,0]'::int4range::text;
----
empty

query T
SELECT '(0,1]'::int4range::text;
----
[1,2)

query T
SELECT '(1,)'::int4range::text;
----
[2,)

query error range lower bound must be less than or equal to range upper bound
SELECT '(1,-1)'::int4range::text;

query error range lower bound must be less than or equal to range upper bound
SELECT '(1,0)'::int4range::text;

query T
SELECT '(1,1)'::int4range::text;
----
empty

query T
SELECT '(1,]'::int4range::text;
----
[2,)

query error range lower bound must be less than or equal to range upper bound
SELECT '(1,-1]'::int4range::text;

query error range lower bound must be less than or equal to range upper bound
SELECT '(1,0]'::int4range::text;

query T
SELECT '(1,1]'::int4range::text;
----
empty

query T
SELECT '[,)'::int4range::text;
----
(,)

query T
SELECT '[,-1)'::int4range::text;
----
(,-1)

query T
SELECT '[,0)'::int4range::text;
----
(,0)

query T
SELECT '[,1)'::int4range::text;
----
(,1)

query T
SELECT '[,]'::int4range::text;
----
(,)

query T
SELECT '[,-1]'::int4range::text;
----
(,0)

query T
SELECT '[,0]'::int4range::text;
----
(,1)

query T
SELECT '[,1]'::int4range::text;
----
(,2)

query T
SELECT '[-1,)'::int4range::text;
----
[-1,)

query T
SELECT '[-1,-1)'::int4range::text;
----
empty

query T
SELECT '[-1,0)'::int4range::text;
----
[-1,0)

query T
SELECT '[-1,1)'::int4range::text;
----
[-1,1)

query T
SELECT '[-1,]'::int4range::text;
----
[-1,)

query T
SELECT '[-1,-1]'::int4range::text;
----
[-1,0)

query T
SELECT '[-1,0]'::int4range::text;
----
[-1,1)

query T
SELECT '[-1,1]'::int4range::text;
----
[-1,2)

query T
SELECT '[0,)'::int4range::text;
----
[0,)

query error range lower bound must be less than or equal to range upper bound
SELECT '[0,-1)'::int4range::text;

query T
SELECT '[0,0)'::int4range::text;
----
empty

query T
SELECT '[0,1)'::int4range::text;
----
[0,1)

query T
SELECT '[0,]'::int4range::text;
----
[0,)

query error range lower bound must be less than or equal to range upper bound
SELECT '[0,-1]'::int4range::text;

query T
SELECT '[0,0]'::int4range::text;
----
[0,1)

query T
SELECT '[0,1]'::int4range::text;
----
[0,2)

query T
SELECT '[1,)'::int4range::text;
----
[1,)

query error range lower bound must be less than or equal to range upper bound
SELECT '[1,-1)'::int4range::text;

query error range lower bound must be less than or equal to range upper bound
SELECT '[1,0)'::int4range::text;

query T
SELECT '[1,1)'::int4range::text;
----
empty

query T
SELECT '[1,]'::int4range::text;
----
[1,)

query error range lower bound must be less than or equal to range upper bound
SELECT '[1,-1]'::int4range::text;

query error range lower bound must be less than or equal to range upper bound
SELECT '[1,0]'::int4range::text;

query T
SELECT '[1,1]'::int4range::text;
----
[1,2)

statement ok
CREATE TABLE r (a int4range);

statement ok
INSERT INTO r VALUES
    ('[,1)'::int4range),
    ('[,1]'::int4range),
    ('[,)'::int4range),
    ('[,]'::int4range),
    ('(,1)'::int4range),
    ('(,1]'::int4range),
    ('(,)'::int4range),
    ('(,]'::int4range),
    ('[-1,1)'::int4range),
    ('[-1,1]'::int4range),
    ('(-1,1)'::int4range),
    ('(-1,1]'::int4range),
    ('[0,0)'::int4range),
    ('[0,0]'::int4range),
    ('(0,0)'::int4range),
    ('(0,0]'::int4range),
    ('[1,)'::int4range),
    ('[1,]'::int4range),
    ('(1,)'::int4range),
    ('(1,]'::int4range);

query T
SELECT a::text AS t FROM r ORDER BY a;
----
empty
empty
empty
(,1)
(,1)
(,2)
(,2)
(,)
(,)
(,)
(,)
[-1,1)
[-1,2)
[0,1)
[0,1)
[0,2)
[1,)
[1,)
[2,)
[2,)

# Results from PG
# (,) true true true
# [0,1) false true false
# [0,2) false true true
# (,1) true true false
# [1,) false false true
# [-1,1) true true false
# [-1,2) true true true
# (,2) true true true
# [2,) false false false
# empty true false false false
query TTTT
SELECT DISTINCT
    a::text, a @> -1 contains_neg_1, a @> 0 contains_0, a @> 1 contains_1
FROM r ORDER BY a;
----
(,)
true
true
true
(,1)
true
true
false
(,2)
true
true
true
[-1,1)
true
true
false
[-1,2)
true
true
true
[0,1)
false
true
false
[0,2)
false
true
true
[1,)
false
false
true
[2,)
false
false
false
empty
false
false
false
